FIRE_YEAR,STATE,FIRE_SIZE,COUNT_FIRES,AVG_FIRE_SIZE,RUNNING_COUNT,RUNNING_COUNT_SIZE,RUNNING_COUNT_FIRES,PRIOR_RUNNING_SIZE,PRIOR_RUNNING_COUNT
1992,AK,142717.4000000011,481,296.7097713097736,,,,,
1992,AL,1253.2,93,13.475268817204302,,,,,
1992,AR,1478.4999999999995,128,11.550781249999996,,,,,
1992,AZ,42593.6499999995,3494,12.190512306811534,,,,,
1992,CA,296439.7999999843,10833,27.364515831254895,,,,,
1992,CO,7451.900000000051,1322,5.636838124054501,,,,,
1992,CT,466.0500000000006,202,2.307178217821785,,,,,
1992,DC,0.4,3,0.13333333333333333,,,,,
1992,DE,124.0,3,41.333333333333336,,,,,
1992,FL,95279.70000000055,4222,22.56743249644731,,,,,
1992,GA,27016.36999999998,6459,4.182748103421579,,,,,
1992,HI,11161.300000000005,77,144.9519480519481,,,,,
1992,IA,85.3,5,17.06,,,,,
1992,ID,684658.8999999885,2195,311.91749430523396,,,,,
1992,IL,235.39999999999998,18,13.077777777777776,,,,,
1992,IN,247.29999999999978,95,2.6031578947368397,,,,,
1992,KS,251.59999999999997,16,15.724999999999998,,,,,
1992,KY,604.4999999999999,49,12.336734693877549,,,,,
1992,LA,25129.1,87,288.84022988505745,,,,,
1992,MA,5.4,7,0.7714285714285715,,,,,
1992,MD,1160.3,12,96.69166666666666,,,,,
1992,ME,4399.300000000015,611,7.200163666121137,,,,,
1992,MI,2987.3999999999883,614,4.865472312703564,,,,,
1992,MN,30182.12999999979,1620,18.630944444444314,,,,,
1992,MO,28716.0,1680,17.09285714285714,,,,,
1992,MS,60830.1,4478,13.584211701652523,,,,,
1992,MT,38591.72000000031,1642,23.50287454324014,,,,,
1992,NC,27489.09999999935,5696,4.826035814606628,,,,,
1992,ND,6373.9,396,16.09570707070707,,,,,
1992,NE,1227.1,25,49.083999999999996,,,,,
1992,NH,164.67100000000002,107,1.5389813084112152,,,,,
1992,NJ,16603.65,1325,12.531056603773585,,,,,
1992,NM,99202.44999999988,977,101.53781985670408,,,,,
1992,NV,92345.80000000066,556,166.08956834532492,,,,,
1992,NY,2334.4,364,6.4131868131868135,,,,,
1992,OH,101.7,21,4.842857142857143,,,,,
1992,OK,47575.0999999999,1468,32.4081062670299,,,,,
1992,OR,117437.36000000207,3957,29.678382613091248,,,,,
1992,PA,59.70000000000002,17,3.511764705882354,,,,,
1992,PR,127.0,4,31.75,,,,,
1992,SC,31202.79999999973,5195,6.006313763233827,,,,,
1992,SD,59412.27999999991,554,107.24238267147999,,,,,
1992,TN,429.6000000000001,55,7.810909090909092,,,,,
1992,TX,33610.3,1168,28.77594178082192,,,,,
1992,UT,37531.90999999994,1092,34.369880952380896,,,,,
1992,VA,434.60000000000025,43,10.106976744186053,,,,,
1992,VT,270.0,1,270.0,,,,,
1992,WA,89681.05000000281,1774,50.55301578354161,,,,,
1992,WI,2520.609999999994,1287,1.958515928515924,,,,,
1992,WV,7514.4000000000215,701,10.719543509272498,,,,,
1992,WY,22241.800000000014,746,29.81474530831101,,,,,
1993,AK,687191.4999999922,861,798.1318234610827,,,,,
1993,AL,2336.7999999999997,137,17.056934306569342,,,,,
1993,AR,1760.1999999999994,151,11.656953642384101,,,,,
1993,AZ,205567.02000000264,4639,44.31278723862958,,,,,
1993,CA,321495.2999999602,8270,38.874885126960116,,,,,
1993,CO,35555.299999999355,1244,28.581430868166684,,,,,
1993,CT,401.1,103,3.8941747572815535,,,,,
1993,DC,9.799999999999999,7,1.4,,,,,
1993,DE,1.0,1,1.0,,,,,
1993,FL,79755.1999999999,4548,17.536323658751076,,,,,
1993,GA,40515.5899999997,9111,4.446887279113127,,,,,
1993,HI,2562.0,14,183.0,,,,,
1993,IA,30.700000000000003,6,5.116666666666667,,,,,
1993,ID,7978.200000000057,698,11.430085959885469,,,,,
1993,IL,29.800000000000004,5,5.960000000000001,,,,,
1993,IN,464.30000000000047,56,8.291071428571437,,,,,
1993,KS,1809.3,14,129.2357142857143,,,,,
1993,KY,843.1,81,10.408641975308642,,,,,
1993,LA,8066.799999999999,127,63.518110236220465,,,,,
1993,MA,1.5,4,0.375,,,,,
1993,MD,1672.9,11,152.0818181818182,,,,,
1993,ME,1413.149999999994,672,2.102901785714277,,,,,
1993,MI,1008.0000000000007,262,3.8473282442748116,,,,,
1993,MN,19087.709999999937,1363,14.00418928833451,,,,,
1993,MO,14997.3,907,16.53506063947078,,,,,
1993,MS,54108.299999999996,4015,13.476537982565379,,,,,
1993,MT,12598.41000000003,743,16.9561372812921,,,,,
1993,NC,26461.199999999168,4808,5.50357737104808,,,,,
1993,ND,3923.899999999998,386,10.165544041450772,,,,,
1993,NE,173.49999999999997,17,10.205882352941174,,,,,
1993,NH,166.66300000000004,142,1.1736830985915496,,,,,
1993,NJ,922.7,842,1.0958432304038006,,,,,
1993,NM,302344.0400000018,1809,167.1332448866787,,,,,
1993,NV,53979.8999999999,443,121.85079006771987,,,,,
1993,NY,1126.3000000000002,304,3.7049342105263166,,,,,
1993,OH,42.70000000000002,18,2.372222222222223,,,,,
1993,OK,69803.50000000003,2300,30.34934782608697,,,,,
1993,OR,13843.280000000104,1852,7.474773218142605,,,,,
1993,PA,40.800000000000026,19,2.147368421052633,,,,,
1993,PR,163.0,1,163.0,,,,,
1993,SC,34284.69999999975,5287,6.484717230943777,,,,,
1993,SD,6133.300000000029,438,14.002968036529747,,,,,
1993,TN,866.4000000000002,65,13.329230769230772,,,,,
1993,TX,116873.7,1457,80.2153054221002,,,,,
1993,UT,19887.469999999958,710,28.010521126760505,,,,,
1993,VA,564.0000000000003,54,10.44444444444445,,,,,
1993,VT,3.0,1,3.0,,,,,
1993,WA,22628.999999999633,986,22.950304259634517,,,,,
1993,WI,1445.219999999995,884,1.6348642533936595,,,,,
1993,WV,9434.00000000002,847,11.138134592680071,,,,,
1993,WY,5323.450000000006,269,19.789776951672884,,,,,
1994,AK,261964.90000000162,640,409.3201562500025,,,,,
1994,AL,34664.399999999834,3452,10.041830822711423,,,,,
1994,AR,2303.8999999999965,167,13.795808383233512,,,,,
1994,AZ,224199.73500000825,4519,49.61268754149331,,,,,
1994,CA,407944.69999995595,8654,47.13943840997873,,,,,
1994,CO,70760.59999999957,2515,28.135427435387502,,,,,
1994,CT,943.1500000000029,290,3.252241379310355,,,,,
1994,DC,5.1000000000000005,4,1.2750000000000001,,,,,
1994,DE,96.0,2,48.0,,,,,
1994,FL,103085.4000000009,3530,29.202662889518667,,,,,
1994,GA,25013.88999999974,6584,3.7991934993924272,,,,,
1994,HI,78.6,9,8.733333333333333,,,,,
1994,IA,105.4,5,21.080000000000002,,,,,
1994,ID,729029.5999999805,3336,218.53405275778792,,,,,
1994,IL,383.7,27,14.21111111111111,,,,,
1994,IN,577.9000000000009,85,6.798823529411775,,,,,
1994,KS,84460.1,47,1797.0234042553193,,,,,
1994,KY,4660.599999999999,178,26.183146067415727,,,,,
1994,LA,2520.6000000000004,111,22.70810810810811,,,,,
1994,MA,0.1,1,0.1,,,,,
1994,MD,786.9000000000001,16,49.181250000000006,,,,,
1994,ME,2012.6899999999907,541,3.720314232902016,,,,,
1994,MI,6704.199999999998,644,10.410248447204966,,,,,
1994,MN,37150.31999999963,1904,19.511722689075434,,,,,
1994,MO,36249.399999999994,1607,22.557187305538267,,,,,
1994,MS,54478.5,3356,16.233164481525627,,,,,
1994,MT,265689.35000000516,2984,89.0379859249347,,,,,
1994,NC,44936.19999999707,5739,7.829970378114144,,,,,
1994,ND,11743.300000000005,501,23.439720558882247,,,,,
1994,NE,6869.499999999999,80,85.86874999999999,,,,,
1994,NH,207.23399999999998,133,1.5581503759398494,,,,,
1994,NJ,2725.85,1326,2.0556938159879334,,,,,
1994,NM,416646.7200000003,2668,156.16443778110957,,,,,
1994,NV,196057.80000000104,710,276.1377464788747,,,,,
1994,NY,1154.6,129,8.950387596899224,,,,,
1994,OH,125.69999999999999,28,4.489285714285714,,,,,
1994,OK,75164.20000000016,1913,39.29127025614227,,,,,
1994,OR,276054.32000000123,3473,79.48583933199,,,,,
1994,PA,66.49999999999999,20,3.3249999999999993,,,,,
1994,PR,1000.0,4,250.0,,,,,
1994,RI,25.0,1,25.0,,,,,
1994,SC,30354.099999999682,4489,6.761884606816592,,,,,
1994,SD,16520.05000000011,882,18.730215419501256,,,,,
1994,TN,3300.1999999999985,73,45.20821917808217,,,,,
1994,TX,70917.49999999997,907,78.18908489525906,,,,,
1994,UT,213555.10000000216,1663,128.41557426338073,,,,,
1994,VA,1205.4999999999998,78,15.455128205128203,,,,,
1994,VT,25.3,6,4.216666666666667,,,,,
1994,WA,271438.09999999346,2022,134.24238377843395,,,,,
1994,WI,5242.020000000047,1973,2.656877850988366,,,,,
1994,WV,50906.79999999999,1010,50.40277227722771,,,,,
1994,WY,64564.1999999999,919,70.25484221980403,,,,,
1995,AK,43962.09999999973,418,105.17248803827687,,,,,
1995,AL,38896.59999999985,4230,9.195413711583889,,,,,
1995,AR,5190.400000000001,240,21.62666666666667,,,,,
1995,AZ,262152.83000000444,4502,58.230304309196896,,,,,
1995,CA,216068.70000001232,7381,29.273635008808064,,,,,
1995,CO,20043.700000000084,1517,13.212722478576193,,,,,
1995,CT,427.4000000000001,110,3.885454545454546,,,,,
1995,DC,0.6,5,0.12,,,,,
1995,DE,2014.3999999999999,5,402.88,,,,,
1995,FL,56682.699999999306,3186,17.791180163213845,,,,,
1995,GA,24460.519999999662,7968,3.0698443775099977,,,,,
1995,HI,1027.5,10,102.75,,,,,
1995,IA,57.4,6,9.566666666666666,,,,,
1995,ID,268681.29999999714,1433,187.4956734124195,,,,,
1995,IL,993.2000000000002,47,21.131914893617026,,,,,
1995,IN,881.4000000000008,101,8.726732673267334,,,,,
1995,KS,4537.9,30,151.26333333333332,,,,,
1995,KY,5863.6,180,32.57555555555556,,,,,
1995,LA,7277.900000000001,139,52.3589928057554,,,,,
1995,MA,8.7,15,0.58,,,,,
1995,MD,1304.3999999999999,32,40.762499999999996,,,,,
1995,ME,1137.0800000000004,963,1.1807684319833855,,,,,
1995,MI,4872.299999999998,627,7.770813397129184,,,,,
1995,MN,46067.30999999975,1731,26.613119584055315,,,,,
1995,MO,50196.40000000001,2060,24.36718446601942,,,,,
1995,MS,68013.8,4992,13.624559294871796,,,,,
1995,MT,25183.949999999746,1052,23.939115969581508,,,,,
1995,NC,23404.299999999126,5253,4.455415952788716,,,,,
1995,ND,2047.5999999999992,272,7.527941176470585,,,,,
1995,NE,55757.8,56,995.6750000000001,,,,,
1995,NH,309.04200000000003,195,1.5848307692307695,,,,,
1995,NJ,22962.145999999997,1817,12.637394606494219,,,,,
1995,NM,139862.3500000026,1665,84.00141141141297,,,,,
1995,NV,120031.40000000047,545,220.24110091743205,,,,,
1995,NY,9167.45,487,18.824332648870637,,,,,
1995,OH,292.3,47,6.219148936170213,,,,,
1995,OK,94478.90000000013,2603,36.296158278909,,,,,
1995,OR,61282.49000000044,2264,27.068237632509028,,,,,
1995,PA,51.2,22,2.3272727272727276,,,,,
1995,SC,17794.800000000017,3520,5.055340909090914,,,,,
1995,SD,10273.220000000081,665,15.448451127819672,,,,,
1995,TN,2049.1999999999994,106,19.332075471698108,,,,,
1995,TX,56371.1,1648,34.2057645631068,,,,,
1995,UT,199115.6400000014,1151,172.99360556038351,,,,,
1995,VA,15136.750000000227,1550,9.76564516129047,,,,,
1995,VT,1.2,2,0.6,,,,,
1995,WA,6727.8000000000575,1213,5.546413849958827,,,,,
1995,WI,2316.9299999999903,1640,1.4127621951219453,,,,,
1995,WV,41583.5999999999,1241,33.50813859790483,,,,,
1995,WY,12563.75000000001,530,23.7051886792453,,,,,
1996,AK,598797.1999999923,718,833.9793871866187,,,,,
1996,AL,47683.199999999684,4048,11.779446640316127,,,,,
1996,AR,5286.800000000001,224,23.601785714285718,,,,,
1996,AZ,187400.56500000745,3761,49.827323850041864,,,,,
1996,CA,707110.4999999529,9173,77.08606780769136,,,,,
1996,CO,70040.49999999935,1405,49.85088967971484,,,,,
1996,CT,66.45,27,2.4611111111111112,,,,,
1996,FL,107511.50000000147,4697,22.889397487758455,,,,,
1996,GA,37975.89000000003,9872,3.846828403565643,,,,,
1996,HI,380.30000000000007,8,47.53750000000001,,,,,
1996,IA,1026.4,28,36.65714285714286,,,,,
1996,ID,896659.899999995,1974,454.2350050658536,,,,,
1996,IL,149.8,21,7.133333333333334,,,,,
1996,IN,495.0000000000011,88,5.625000000000012,,,,,
1996,KS,147570.4,30,4919.013333333333,,,,,
1996,KY,1117.8000000000002,72,15.525000000000002,,,,,
1996,LA,8254.100000000004,157,52.5738853503185,,,,,
1996,MA,2.2,4,0.55,,,,,
1996,MD,312.1,17,18.358823529411765,,,,,
1996,ME,403.34999999999985,315,1.28047619047619,,,,,
1996,MI,2921.699999999996,386,7.5691709844559485,,,,,
1996,MN,29633.939999999726,1752,16.914349315068335,,,,,
1996,MO,8538.300000000003,443,19.27381489841987,,,,,
1996,MS,101707.7,4923,20.65969937030266,,,,,
1996,MT,208840.45000000126,1993,104.78697942799863,,,,,
1996,NC,17358.00000000014,4238,4.095799905615889,,,,,
1996,ND,4801.8,527,9.11157495256167,,,,,
1996,NE,8278.3,59,140.31016949152541,,,,,
1996,NH,95.73400000000001,83,1.153421686746988,,,,,
1996,NJ,929.6,768,1.2104166666666667,,,,,
1996,NM,171645.96000000142,2101,81.69726796763513,,,,,
1996,NV,627483.9999999937,1088,576.7316176470531,,,,,
1996,NY,417.2999999999999,107,3.899999999999999,,,,,
1996,OH,70.3,9,7.811111111111111,,,,,
1996,OK,207500.0000000009,2689,77.16623280029785,,,,,
1996,OR,590641.8399999961,2875,205.44063999999867,,,,,
1996,PA,18.9,12,1.575,,,,,
1996,PR,502.0,3,167.33333333333334,,,,,
1996,SC,28609.599999999868,4414,6.481558676936989,,,,,
1996,SD,18689.020000000088,839,22.275351609058507,,,,,
1996,TN,484.10000000000014,56,8.644642857142859,,,,,
1996,TX,216223.0,2843,76.0545198733732,,,,,
1996,UT,511165.7899999963,1666,306.82220288115025,,,,,
1996,VA,3259.499999999985,824,3.9557038834951275,,,,,
1996,WA,148134.1000000015,1091,135.7782768102672,,,,,
1996,WI,2927.97,1463,2.0013465481886534,,,,,
1996,WV,5858.5000000000055,651,8.999231950844862,,,,,
1996,WY,270174.35000000027,1032,261.79685077519406,,,,,
1997,AK,2026204.500000026,721,2810.269764216402,,,,,
1997,AL,22055.400000000016,2591,8.51231184870707,,,,,
1997,AR,11442.400000000001,1040,11.002307692307694,,,,,
1997,AZ,13356.90000000009,2250,5.93640000000004,,,,,
1997,CA,324566.2999999717,7930,40.92891551071522,,,,,
1997,CO,6038.200000000063,722,8.36315789473693,,,,,
1997,CT,600.35,83,7.233132530120482,,,,,
1997,DC,0.30000000000000004,3,0.10000000000000002,,,,,
1997,DE,24.6,5,4.92,,,,,
1997,FL,133163.9000000006,3912,34.03985173824147,,,,,
1997,GA,21908.13999999957,7234,3.0284959911528295,,,,,
1997,HI,52.00000000000001,12,4.333333333333334,,,,,
1997,IA,93.0,10,9.3,,,,,
1997,ID,42902.39999999971,1130,37.96672566371656,,,,,
1997,IL,13.7,10,1.3699999999999999,,,,,
1997,IN,82.99999999999991,36,2.305555555555553,,,,,
1997,KS,11410.400000000001,22,518.6545454545455,,,,,
1997,KY,11612.7,675,17.204,,,,,
1997,LA,21648.999999999876,1361,15.906686260102775,,,,,
1997,MA,5.3999999999999995,11,0.49090909090909085,,,,,
1997,MD,181.69999999999996,19,9.56315789473684,,,,,
1997,ME,896.7700000000043,585,1.5329401709401782,,,,,
1997,MI,552.1000000000004,118,4.678813559322037,,,,,
1997,MN,20708.739999999903,2528,8.191748417721481,,,,,
1997,MO,23939.7,1314,18.2189497716895,,,,,
1997,MS,32355.600000000002,2783,11.62615882141574,,,,,
1997,MT,11343.13000000005,993,11.423091641490483,,,,,
1997,NC,17411.999999999745,4512,3.8590425531914327,,,,,
1997,ND,6203.799999999997,453,13.694922737306838,,,,,
1997,NE,18129.500000000007,57,318.06140350877206,,,,,
1997,NH,108.16999999999999,85,1.2725882352941176,,,,,
1997,NJ,4767.8,1383,3.4474331164135936,,,,,
1997,NM,169966.50000000017,1380,123.16413043478273,,,,,
1997,NV,41857.39999999996,595,70.34857142857136,,,,,
1997,NY,1421.8,365,3.8953424657534246,,,,,
1997,OH,41.50000000000001,22,1.8863636363636367,,,,,
1997,OK,19627.600000000006,914,21.47439824945296,,,,,
1997,OR,24603.93999999933,2142,11.486433239962338,,,,,
1997,PA,107.69999999999999,12,8.975,,,,,
1997,PR,82.8,6,13.799999999999999,,,,,
1997,SC,25238.499999999884,3070,8.221009771986934,,,,,
1997,SD,4318.609999999985,607,7.114678747940667,,,,,
1997,TN,13043.70000000004,1394,9.35703012912485,,,,,
1997,TX,46780.899999999994,770,60.754415584415575,,,,,
1997,UT,32525.209999999828,862,37.73226218097428,,,,,
1997,VA,5199.299999999981,1133,4.588967343336258,,,,,
1997,VT,3.0,2,1.5,,,,,
1997,WA,27563.099999999526,999,27.590690690690217,,,,,
1997,WI,2621.6000000000104,1675,1.565134328358215,,,,,
1997,WV,7534.950000000015,719,10.479763560500716,,,,,
1997,WY,8315.600000000013,195,42.64410256410263,,,,,
1998,AK,120782.10000000127,408,296.0345588235325,,,,,
1998,AL,35560.59999999978,3566,9.972125630958995,,,,,
1998,AR,13023.099999999999,1156,11.265657439446365,,,,,
1998,AZ,27378.800000000283,2679,10.219783501306564,,,,,
1998,CA,160013.1000000104,6864,23.311931818183332,,,,,
1998,CO,8379.200000000073,765,10.953202614379181,,,,,
1998,CT,131.89999999999998,30,4.396666666666666,,,,,
1998,DC,4.3999999999999995,13,0.3384615384615384,,,,,
1998,FL,377720.499999987,4813,78.47922293787389,,,,,
1998,GA,45909.779999998835,7301,6.288149568552093,,,,,
1998,HI,31675.2,26,1218.2769230769231,,,,,
1998,IA,70.0,3,23.333333333333332,,,,,
1998,ID,151299.30000000144,1758,86.0633105802056,,,,,
1998,IL,165.29999999999998,22,7.513636363636363,,,,,
1998,IN,174.9999999999998,57,3.070175438596488,,,,,
1998,KS,5207.1,31,167.97096774193548,,,,,
1998,KY,24966.3,957,26.08808777429467,,,,,
1998,LA,34126.19999999974,2283,14.947963206307378,,,,,
1998,MA,3.0,1,3.0,,,,,
1998,MD,544.0,17,32.0,,,,,
1998,ME,1547.819999999991,580,2.6686551724137777,,,,,
1998,MI,3958.999999999999,170,23.28823529411764,,,,,
1998,MN,49139.65000999973,2474,19.86242926839116,,,,,
1998,MO,10981.8,521,21.07831094049904,,,,,
1998,MS,39658.8,3424,11.582593457943926,,,,,
1998,MT,101357.26999999977,1909,53.094431639601765,,,,,
1998,NC,16913.399999999954,4324,3.911517113783523,,,,,
1998,ND,7760.100000000018,492,15.772560975609792,,,,,
1998,NE,14110.1,43,328.1418604651163,,,,,
1998,NH,257.02,171,1.5030409356725145,,,,,
1998,NJ,1320.44,1312,1.0064329268292684,,,,,
1998,NM,97959.55999999982,1294,75.70290571870156,,,,,
1998,NV,91363.70000000001,638,143.2032915360502,,,,,
1998,NY,1695.71,310,5.470032258064516,,,,,
1998,OH,203.39999999999995,27,7.533333333333331,,,,,
1998,OK,17945.300000000007,816,21.991789215686282,,,,,
1998,OR,83099.61999999915,2575,32.271697087378314,,,,,
1998,PA,54.2,18,3.011111111111111,,,,,
1998,PR,1.0,1,1.0,,,,,
1998,SC,16369.000000000156,3508,4.666191562143716,,,,,
1998,SD,14072.830000000084,816,17.246115196078534,,,,,
1998,TN,20857.099999999897,1836,11.360076252723255,,,,,
1998,TX,136551.40000000002,2026,67.39950641658442,,,,,
1998,UT,96563.07000000066,873,110.6106185567018,,,,,
1998,VA,9279.100000000082,1168,7.94443493150692,,,,,
1998,VT,14.0,2,7.0,,,,,
1998,WA,111620.70000000192,1477,75.57257955314957,,,,,
1998,WI,4095.520000000023,1611,2.542222222222237,,,,,
1998,WV,20567.31,1006,20.444642147117296,,,,,
1998,WY,4649.600000000001,198,23.48282828282829,,,,,
1999,AK,1005843.6999899946,482,2086.8126555809017,,,,,
1999,AL,52548.199999999386,4501,11.674783381470649,,,,,
1999,AR,24032.300000000003,2224,10.805890287769785,,,,,
1999,AZ,73799.00000000092,2736,26.973318713450627,,,,,
1999,CA,804123.3999999213,8910,90.24953984286435,,,,,
1999,CO,20313.899999999874,756,26.87023809523793,,,,,
1999,CT,1672.46,297,5.631178451178451,,,,,
1999,DC,2.1,8,0.2625,,,,,
1999,DE,507.0,2,253.5,,,,,
1999,FL,413349.9999999807,5484,75.37381473376745,,,,,
1999,GA,73111.9999999983,11138,6.564194648949389,,,,,
1999,HI,15129.5,9,1681.0555555555557,,,,,
1999,IA,435.6,20,21.78,,,,,
1999,ID,416185.81999999343,1916,217.21598121085253,,,,,
1999,IL,497.19999999999993,53,9.381132075471697,,,,,
1999,IN,764.2000000000013,151,5.060927152317889,,,,,
1999,KS,6531.599999999999,36,181.4333333333333,,,,,
1999,KY,125633.8,1879,66.86205428419372,,,,,
1999,LA,37622.999999999556,2788,13.49461979913901,,,,,
1999,MA,1.5,7,0.21428571428571427,,,,,
1999,MD,1625.6999999999991,34,47.81470588235292,,,,,
1999,ME,1061.2700000000036,681,1.5583994126284928,,,,,
1999,MI,10031.099999999999,150,66.874,,,,,
1999,MN,32858.85999999972,2113,15.550809275910893,,,,,
1999,MO,35498.9,1204,29.484136212624588,,,,,
1999,MS,66126.9,5436,12.16462472406181,,,,,
1999,MT,117459.34000000029,2089,56.22754427955974,,,,,
1999,NC,25060.59999999922,4041,6.201583766394264,,,,,
1999,ND,70997.59999999999,506,140.31146245059287,,,,,
1999,NE,118550.5,75,1580.6733333333334,,,,,
1999,NH,16.2,5,3.2399999999999998,,,,,
1999,NJ,16030.3,1758,9.118486916951081,,,,,
1999,NM,82559.04000000011,1231,67.06664500406183,,,,,
1999,NV,1773486.6000000169,1047,1693.8744985673513,,,,,
1999,NY,6073.45,711,8.542123769338959,,,,,
1999,OH,705.1,40,17.6275,,,,,
1999,OK,16421.500000000007,1665,9.862762762762767,,,,,
1999,OR,72161.9299999995,2927,24.653887939870003,,,,,
1999,PA,493.8000000000002,30,16.460000000000004,,,,,
1999,SC,35934.399999999725,5384,6.674294205051955,,,,,
1999,SD,80370.22530000003,1409,57.04061412349186,,,,,
1999,TN,42251.399999999434,3454,12.232599884192076,,,,,
1999,TX,60028.200000000004,1775,33.818704225352114,,,,,
1999,UT,148497.92000000118,1282,115.83301092043773,,,,,
1999,VA,19266.200000000157,1583,12.170688566013997,,,,,
1999,VT,10.5,3,3.5,,,,,
1999,WA,26175.169999999544,1475,17.745877966101386,,,,,
1999,WI,5353.080000000067,1604,3.3373316708229845,,,,,
1999,WV,103301.45000000019,1949,53.00228322216531,,,,,
1999,WY,39686.19999999996,305,130.11868852459003,,,,,
2000,AK,756379.1999999961,364,2077.9648351648243,,,,,
2000,AL,88267.39999999992,6264,14.091219667943793,,,,,
2000,AR,29052.499999999993,2363,12.294752433347437,,,,,
2000,AZ,92910.30000000069,3859,24.07626328064283,,,,,
2000,CA,252676.00000001214,6977,36.21556542926933,,,,,
2000,CO,115784.30000000245,1619,71.51593576281806,,,,,
2000,CT,492.3000000000001,126,3.907142857142858,,,,,
2000,DE,65.0,1,65.0,,,,,
2000,FL,242653.100000008,6499,37.33699030620219,,,,,
2000,GA,63571.139999999796,10549,6.02627168451984,,,,,
2000,HI,5669.6,13,436.12307692307695,,,,,
2000,IA,1734.7,19,91.3,,,,,
2000,ID,1350786.4800000149,1749,772.3193138936621,,,,,
2000,IL,597.2,29,20.593103448275862,,,,,
2000,IN,707.9000000000004,92,7.694565217391309,,,,,
2000,KS,9219.8,48,192.07916666666665,,,,,
2000,KY,136220.60000000003,1587,85.83528670447387,,,,,
2000,LA,91109.50000000102,4234,21.518540387340817,,,,,
2000,MA,5.8,3,1.9333333333333333,,,,,
2000,MD,209.7,14,14.978571428571428,,,,,
2000,ME,445.9800000000013,346,1.2889595375722582,,,,,
2000,MI,6010.900000000004,115,52.268695652173946,,,,,
2000,MN,69170.16999999952,2631,26.290448498669523,,,,,
2000,MO,17234.300000000003,673,25.608172362555724,,,,,
2000,MS,53459.199999994,7984,6.695791583165581,,,,,
2000,MT,822860.3099999849,2428,338.90457578253086,,,,,
2000,NC,38848.99999999833,4987,7.790054140765656,,,,,
2000,ND,18171.70000000002,627,28.981977671451386,,,,,
2000,NE,116094.00100000003,114,1018.3684298245616,,,,,
2000,NH,132.26,87,1.5202298850574711,,,,,
2000,NJ,2016.5,972,2.0745884773662553,,,,,
2000,NM,516743.4589999984,2794,184.94755153901158,,,,,
2000,NV,651614.1999999953,977,666.9541453428816,,,,,
2000,NY,1497.7800000000143,1756,0.8529498861047917,,,,,
2000,OH,370.4,28,13.228571428571428,,,,,
2000,OK,112723.89999999997,1643,68.60858186244673,,,,,
2000,OR,365429.3799999998,1938,188.5600515995871,,,,,
2000,PA,356.7,14,25.478571428571428,,,,,
2000,SC,25197.29999999993,4995,5.0445045045044905,,,,,
2000,SD,355266.06400000263,2271,156.43595948921296,,,,,
2000,TN,75996.20000000036,2674,28.420418848167674,,,,,
2000,TX,181686.8,2627,69.16132470498667,,,,,
2000,UT,227487.25000000172,1857,122.50255788906931,,,,,
2000,VA,32191.799999999774,988,32.582793522266975,,,,,
2000,WA,285252.5999999962,1226,232.66933115823508,,,,,
2000,WI,7014.370000000077,1578,4.4451013941698845,,,,,
2000,WV,50401.29999999994,1106,45.57079566003611,,,,,
2000,WY,367712.2999999987,571,643.979509632222,,,,,
2001,AK,219924.70000000118,361,609.209695290862,,,,,
2001,AL,39095.09999999971,3309,11.814777878513057,,,,,
2001,AR,14451.800000000001,1266,11.415323854660349,,,,,
2001,AZ,35816.73999999977,3186,11.241914626490827,,,,,
2001,CA,350176.6999999686,8182,42.798423368365754,,,,,
2001,CO,23005.700000000168,1266,18.171958925750527,,,,,
2001,CT,745.1,207,3.5995169082125607,,,,,
2001,DC,0.1,1,0.1,,,,,
2001,DE,10.5,1,10.5,,,,,
2001,FL,411721.5000000001,4887,84.24831184775938,,,,,
2001,GA,53335.00999999951,9572,5.571981821980726,,,,,
2001,HI,2352.1499999999733,566,4.155742049469917,,,,,
2001,IA,85.0,10,8.5,,,,,
2001,ID,192801.62000000157,1683,114.55830065359571,,,,,
2001,IL,531.1000000000001,45,11.802222222222225,,,,,
2001,IN,1167.6,140,8.34,,,,,
2001,KS,2662.2999999999997,69,38.58405797101449,,,,,
2001,KY,175179.4000000002,2061,84.99728287239213,,,,,
2001,LA,26577.09999999978,976,27.230635245901414,,,,,
2001,MA,269.3,17,15.841176470588236,,,,,
2001,MD,5879.1,22,267.2318181818182,,,,,
2001,ME,2243.539999999978,963,2.329740394600185,,,,,
2001,MI,1463.2490000000007,424,3.4510589622641525,,,,,
2001,MN,23136.319999999698,1327,17.43505651846247,,,,,
2001,MO,17079.1,884,19.32024886877828,,,,,
2001,MS,32258.899999999536,2888,11.16997922437657,,,,,
2001,MT,162549.19000000285,1603,101.40311291328936,,,,,
2001,NC,44664.39999999736,8143,5.485005526218514,,,,,
2001,ND,6567.300000000005,553,11.875768535262214,,,,,
2001,NE,2473.551999999999,77,32.124051948051935,,,,,
2001,NH,152.81,124,1.2323387096774194,,,,,
2001,NJ,4410.2,1571,2.8072565245066836,,,,,
2001,NM,70558.31000000003,1701,41.48048794826574,,,,,
2001,NV,598503.4999999928,1118,535.3340787119793,,,,,
2001,NY,7118.2399999999725,3262,2.1821704475781645,,,,,
2001,OH,941.9000000000002,86,10.952325581395352,,,,,
2001,OK,30345.7,1290,23.523798449612404,,,,,
2001,OR,384247.22999999806,3368,114.08765736341985,,,,,
2001,PA,742.6999999999999,35,21.22,,,,,
2001,SC,36527.99999999931,6225,5.867951807228804,,,,,
2001,SD,55260.74299999978,1338,41.30100373692061,,,,,
2001,TN,62141.09999999959,2521,24.649385164617055,,,,,
2001,TX,92226.20000000001,771,119.61893644617382,,,,,
2001,UT,124088.14999999966,1775,69.90881690140826,,,,,
2001,VA,20906.09999999984,2101,9.950547358400685,,,,,
2001,WA,223780.10000000242,1158,193.24706390328362,,,,,
2001,WI,1364.5499999999938,993,1.3741691842900239,,,,,
2001,WV,95542.60000000028,1789,53.405589714924695,,,,,
2001,WY,66990.99999999994,672,99.688988095238,,,,,
2002,AK,2186646.100000022,538,4064.3979553903755,,,,,
2002,AL,38695.99999999981,2926,13.224880382775055,,,,,
2002,AR,13648.999999999998,1001,13.635364635364633,,,,,
2002,AZ,629739.4399999816,2918,215.8120082248052,,,,,
2002,CA,514942.6999999457,7133,72.19160241132002,,,,,
2002,CO,476441.74999998877,1221,390.20618345617424,,,,,
2002,CT,188.65999999999994,107,1.7631775700934573,,,,,
2002,DC,1.0,1,1.0,,,,,
2002,DE,1270.0999999999979,39,32.56666666666661,,,,,
2002,FL,61954.899999999594,3131,19.7875758543595,,,,,
2002,GA,166894.8200000002,7804,21.385804715530526,,,,,
2002,HI,7013.700000000118,576,12.176562500000205,,,,,
2002,IA,267.0,51,5.235294117647059,,,,,
2002,ID,86211.15000000113,1511,57.055691594970966,,,,,
2002,IL,100.79999999999997,43,2.344186046511627,,,,,
2002,IN,766.2000000000007,123,6.229268292682932,,,,,
2002,KS,65544.0,128,512.0625,,,,,
2002,KY,25857.4,1050,24.62609523809524,,,,,
2002,LA,24685.2999999999,1481,16.667994598244363,,,,,
2002,MA,512.0999999999999,115,4.453043478260869,,,,,
2002,MD,1786.1,14,127.57857142857142,,,,,
2002,ME,784.0500000000043,664,1.1807981927710909,,,,,
2002,MI,967.4000000000011,308,3.1409090909090946,,,,,
2002,MN,64357.78999999938,2039,31.563408533594597,,,,,
2002,MO,20534.699999999997,670,30.64880597014925,,,,,
2002,MS,34410.29999999983,2832,12.150529661016888,,,,,
2002,MT,126100.33000000147,1597,78.96075767063336,,,,,
2002,NC,29621.999999999414,5590,5.299105545617069,,,,,
2002,ND,52819.59999999988,907,58.23550165380362,,,,,
2002,NE,10095.060000000003,183,55.16426229508198,,,,,
2002,NH,158.75000000000003,116,1.368534482758621,,,,,
2002,NJ,5791.75,1419,4.081571529245948,,,,,
2002,NM,321166.16999999934,2077,154.62983630235885,,,,,
2002,NV,53177.199999999786,649,81.93713405238796,,,,,
2002,NY,4001.529999999962,3512,1.1393878132118342,,,,,
2002,OH,347.9999999999998,142,2.450704225352111,,,,,
2002,OK,42856.59999999996,1535,27.919609120521148,,,,,
2002,OR,1011076.6199999923,2759,366.46488582819586,,,,,
2002,PA,3173.793758999992,628,5.053811718152853,,,,,
2002,PR,55.0,1,55.0,,,,,
2002,SC,45485.59999999948,4683,9.71291906897277,,,,,
2002,SD,118526.79399999976,1962,60.411209989806196,,,,,
2002,TN,13353.70000000005,1485,8.992390572390606,,,,,
2002,TX,43793.60000000003,1229,35.63352318958505,,,,,
2002,UT,239124.41000000274,1143,209.20770778652908,,,,,
2002,VA,19874.899999999918,1572,12.643066157760762,,,,,
2002,VT,4.8,6,0.7999999999999999,,,,,
2002,WA,91469.26999999957,1418,64.50583215796867,,,,,
2002,WI,2600.5600000000068,949,2.7403161222339376,,,,,
2002,WV,10802.40000000004,1000,10.80240000000004,,,,,
2002,WY,133557.50000000084,670,199.33955223880724,,,,,
2003,AK,601674.0099999944,478,1258.7322384937122,,,,,
2003,AL,20772.47000000002,1824,11.388415570175448,,,,,
2003,AR,25986.17,1664,15.616688701923076,,,,,
2003,AZ,200010.82000000557,2916,68.59081618655884,,,,,
2003,CA,1031965.0499999482,7913,130.41388221912652,,,,,
2003,CO,45611.90999999905,2422,18.83233278282372,,,,,
2003,CT,136.99999999999994,95,1.4421052631578941,,,,,
2003,DE,265.30000000000007,21,12.633333333333336,,,,,
2003,FL,46815.519999999866,2150,21.774660465116217,,,,,
2003,GA,11517.380000000127,4567,2.521869936501013,,,,,
2003,HI,24297.599999999275,941,25.821041445270218,,,,,
2003,IA,3333.0,50,66.66,,,,,
2003,ID,336103.20999999513,1657,202.8383886541914,,,,,
2003,IL,1596.95,48,33.26979166666667,,,,,
2003,IN,1423.9999999999973,155,9.187096774193531,,,,,
2003,KS,8034.199999999998,113,71.09911504424777,,,,,
2003,KY,19848.79999999998,956,20.76234309623429,,,,,
2003,LA,17359.799999999996,94,184.67872340425527,,,,,
2003,MA,393.0,75,5.24,,,,,
2003,MD,1373.1,5,274.62,,,,,
2003,ME,858.400000000003,624,1.3756410256410305,,,,,
2003,MI,7065.059000000009,750,9.42007866666668,,,,,
2003,MN,156764.7200000031,3297,47.54768577494786,,,,,
2003,MO,3276.019999999994,340,9.635352941176453,,,,,
2003,MS,24744.249999999996,1913,12.934788290642967,,,,,
2003,MT,748396.3101799844,2471,302.8718373856675,,,,,
2003,NC,8103.100000000119,2041,3.970161685448368,,,,,
2003,ND,22500.900000000005,835,26.94718562874252,,,,,
2003,NE,3316.35,161,20.598447204968945,,,,,
2003,NH,89.55,56,1.5991071428571428,,,,,
2003,NJ,926.25,674,1.3742581602373887,,,,,
2003,NM,213203.17500000322,1969,108.27992635855928,,,,,
2003,NV,17385.95000000005,664,26.183659638554296,,,,,
2003,NY,3894.849999999855,4934,0.7893899473043889,,,,,
2003,OH,1829.6939999999993,63,29.042761904761893,,,,,
2003,OK,100423.35000000031,1639,61.27111043319116,,,,,
2003,OR,169621.17000000633,2615,64.86469216061427,,,,,
2003,PA,2082.1255799999963,407,5.115787665847657,,,,,
2003,PR,18886.410000000018,3622,5.214359469906134,,,,,
2003,SC,6721.850000000019,1315,5.111673003802295,,,,,
2003,SD,81492.5599999998,1730,47.10552601156058,,,,,
2003,TN,1612.2,31,52.00645161290323,,,,,
2003,TX,54367.15000000002,1147,47.39943330427204,,,,,
2003,UT,122967.76000000096,1422,86.4752180028136,,,,,
2003,VA,5577.700000000006,344,16.21424418604653,,,,,
2003,VT,8.2,9,0.911111111111111,,,,,
2003,WA,199540.6100000032,1433,139.24676203768541,,,,,
2003,WI,9084.54200000018,2253,4.032197958277932,,,,,
2003,WV,8380.350000000024,641,13.073868954758227,,,,,
2003,WY,91933.10000000033,717,128.2191073919112,,,,,
2004,AK,6591868.600189909,694,9498.36974090765,,,,,
2004,AL,46886.83999999978,3054,15.352599869024157,,,,,
2004,AR,23646.469999999987,1364,17.336121700879755,,,,,
2004,AZ,229629.73000000813,2843,80.77021807949636,,,,,
2004,CA,301095.9699999958,7418,40.589912375302745,,,,,
2004,CO,33795.279999999686,1310,25.797923664121896,,,,,
2004,CT,73.24999999999991,87,0.8419540229885047,,,,,
2004,DE,140.69999999999996,27,5.2111111111111095,,,,,
2004,FL,204330.82000000356,3618,56.47618021006179,,,,,
2004,GA,35208.7299599996,8127,4.33231573274266,,,,,
2004,HI,3901.299999999966,687,5.678748180494856,,,,,
2004,IA,1110.4999999999998,50,22.209999999999994,,,,,
2004,ID,19021.799999999756,1138,16.715114235500664,,,,,
2004,IL,875.6100000000002,88,9.950113636363639,,,,,
2004,IN,785.7100000000012,193,4.071036269430058,,,,,
2004,KS,1679.7000000000005,76,22.10131578947369,,,,,
2004,KY,22712.54999999998,1238,18.3461631663974,,,,,
2004,LA,15114.500000000002,78,193.77564102564105,,,,,
2004,MA,197.8,69,2.8666666666666667,,,,,
2004,MD,6338.500000000001,21,301.83333333333337,,,,,
2004,ME,803.7100000000021,467,1.7210064239828737,,,,,
2004,MI,2745.1299999999947,467,5.878222698072793,,,,,
2004,MN,45646.94999999974,1989,22.949698340874683,,,,,
2004,MO,8217.490000000013,307,26.767068403908837,,,,,
2004,MS,41803.419999999984,2812,14.866081081081076,,,,,
2004,MT,22868.069999999832,1503,15.214950099800287,,,,,
2004,NC,16701.600000000348,4343,3.845636656689005,,,,,
2004,ND,18249.89000000002,819,22.283137973138,,,,,
2004,NE,3652.0700000000006,169,21.60988165680474,,,,,
2004,NH,232.38,70,3.319714285714286,,,,,
2004,NJ,481.55,819,0.587973137973138,,,,,
2004,NM,91896.73000000218,1229,74.77358014646231,,,,,
2004,NV,41767.099999999686,776,53.8235824742264,,,,,
2004,NY,2700.1799999999835,4062,0.6647415066469679,,,,,
2004,OH,227.81999999999996,72,3.164166666666666,,,,,
2004,OK,70082.69999999982,1688,41.51818720379136,,,,,
2004,OR,30383.73999999884,2270,13.384907488986274,,,,,
2004,PA,2766.42199,193,14.333792694300517,,,,,
2004,PR,9274.29,1885,4.920047745358091,,,,,
2004,SC,23390.699999999997,3058,7.649018966644865,,,,,
2004,SD,14652.79999999999,1377,10.64110384894698,,,,,
2004,TN,2466.75,69,35.75,,,,,
2004,TX,34553.40000000002,1040,33.2244230769231,,,,,
2004,UT,85485.44000000243,1519,56.2774456879542,,,,,
2004,VA,3231.599999999994,301,10.736212624584697,,,,,
2004,VT,15.7,16,0.98125,,,,,
2004,WA,93797.80000000181,1591,58.955248271528475,,,,,
2004,WI,2354.912000000005,1161,2.0283479758828635,,,,,
2004,WV,6097.300000000015,618,9.866181229773487,,,,,
2004,WY,19246.16999999995,409,47.056650366748045,,,,,
2005,AK,4635898.651999946,619,7489.335463650962,,,,,
2005,AL,43207.969999999856,2547,16.964259913623813,,,,,
2005,AR,40433.29001,2296,17.61031794860627,,,,,
2005,AZ,902867.189989993,3690,244.67945528184092,,,,,
2005,CA,258714.8700000075,6678,38.741370170710915,,,,,
2005,CO,39413.53999999849,1875,21.02055466666586,,,,,
2005,CT,254.74999999999935,293,0.8694539249146735,,,,,
2005,DC,0.2,2,0.1,,,,,
2005,DE,167.39999999999995,14,11.957142857142854,,,,,
2005,FL,39694.469999999645,2395,16.573891440500894,,,,,
2005,GA,19453.990000000085,6049,3.2160671185320027,,,,,
2005,HI,45629.60000000021,1242,36.73880837359115,,,,,
2005,IA,6502.1,34,191.23823529411766,,,,,
2005,ID,648906.4799999987,1144,567.2259440559429,,,,,
2005,IL,980.5500000000002,62,15.815322580645164,,,,,
2005,IN,575.5000000000015,173,3.326589595375731,,,,,
2005,KS,22922.500000000007,175,130.98571428571432,,,,,
2005,KY,56442.93499999991,1766,31.960891845979564,,,,,
2005,LA,66385.102,3384,19.617346926713946,,,,,
2005,MA,830.7,30,27.69,,,,,
2005,MD,4033.899999999984,417,9.673621103117467,,,,,
2005,ME,724.7400000000027,472,1.5354661016949211,,,,,
2005,MI,4517.812,641,7.04806864274571,,,,,
2005,MN,22455.769999999884,1728,12.995237268518451,,,,,
2005,MO,18188.81000000001,413,44.040702179176776,,,,,
2005,MS,55601.200000000004,3520,15.795795454545456,,,,,
2005,MT,114587.86000000157,1497,76.54499665998769,,,,,
2005,NC,16156.350010000278,4045,3.994153278121206,,,,,
2005,ND,18726.10000000001,903,20.737652270210422,,,,,
2005,NE,6481.120000000004,177,36.61649717514127,,,,,
2005,NH,114.72999999999999,88,1.30375,,,,,
2005,NJ,1346.25,996,1.3516566265060241,,,,,
2005,NM,179194.53500000256,1582,113.27088179519758,,,,,
2005,NV,1102037.050000004,749,1471.3445260347182,,,,,
2005,NY,5030.939999999917,7700,0.6533688311688204,,,,,
2005,OH,1072.3430000000003,100,10.723430000000002,,,,,
2005,OK,293010.4500000022,2768,105.8563764450875,,,,,
2005,OR,139643.779999999,1746,79.97925544100745,,,,,
2005,PA,4170.06701,783,5.32575607918263,,,,,
2005,PR,28132.090000000022,4274,6.582145531118395,,,,,
2005,RI,36.0,18,2.0,,,,,
2005,SC,14747.145000000059,2704,5.453825813609489,,,,,
2005,SD,47559.439010000184,1762,26.991736101021672,,,,,
2005,TN,24852.999999999854,2041,12.176874081332608,,,,,
2005,TX,288851.34999999986,6901,41.85644834082015,,,,,
2005,UT,252095.79000000315,1362,185.09235682819616,,,,,
2005,VA,5424.549990000012,786,6.901463091603069,,,,,
2005,VT,23.200000000000003,26,0.8923076923076925,,,,,
2005,WA,138874.15000000154,1089,127.52447199265522,,,,,
2005,WI,6513.318000000079,1565,4.161864536741264,,,,,
2005,WV,15436.50000000003,762,20.25787401574807,,,,,
2005,WY,26182.999999999924,521,50.255278310940355,,,,,
2006,AK,254513.80000000077,301,845.5607973421953,,,,,
2006,AL,79549.12000000004,3947,20.15432480364835,,,,,
2006,AR,67939.80999999997,2571,26.425441462465955,,,,,
2006,AZ,181533.9800000063,3319,54.69538415185487,,,,,
2006,CA,812711.9399999416,8271,98.26042074718191,,,,,
2006,CO,45893.759999999515,1316,34.87367781154978,,,,,
2006,CT,433.5000000000011,372,1.1653225806451641,,,,,
2006,DC,0.5,3,0.16666666666666666,,,,,
2006,FL,253574.13998000257,5115,49.57461192179913,,,,,
2006,GA,37917.18000999961,8925,4.248423530532169,,,,,
2006,HI,13496.150000000154,789,17.105386565272692,,,,,
2006,IA,5371.030000000001,442,12.151651583710409,,,,,
2006,ID,910786.4709999938,1888,482.4080884533866,,,,,
2006,IL,273.2,34,8.035294117647059,,,,,
2006,IN,987.3499999999997,86,11.480813953488369,,,,,
2006,KS,79170.40000000002,348,227.50114942528742,,,,,
2006,KY,53632.31999999993,1884,28.467261146496778,,,,,
2006,LA,41984.0,3131,13.40913446183328,,,,,
2006,MA,23.20000000000001,31,0.7483870967741939,,,,,
2006,MD,6832.500000000097,718,9.516016713092057,,,,,
2006,ME,1841.3499999999888,623,2.955617977528072,,,,,
2006,MI,7831.170000000029,534,14.665112359550616,,,,,
2006,MN,72405.9099999995,2507,28.88149581172696,,,,,
2006,MO,24299.160000000025,442,54.97547511312223,,,,,
2006,MS,131124.75,5533,23.6986716067233,,,,,
2006,MT,866652.0599999831,2460,352.29758536584677,,,,,
2006,NC,23369.94999000007,5059,4.619480132437254,,,,,
2006,ND,23708.350000000017,1061,22.345287464656,,,,,
2006,NE,89062.50499999998,122,730.020532786885,,,,,
2006,NH,291.239,111,2.6237747747747746,,,,,
2006,NJ,2507.25,1352,1.854474852071006,,,,,
2006,NM,546954.1020000002,1996,274.0251012024049,,,,,
2006,NV,1328663.6900000165,1049,1266.6002764537811,,,,,
2006,NY,6774.110000000204,6631,1.0215819635047811,,,,,
2006,OH,1280.2130000000006,222,5.766725225225228,,,,,
2006,OK,416561.1199999986,3265,127.58380398162285,,,,,
2006,OR,500568.8200000007,3184,157.21382537688464,,,,,
2006,PA,7880.163580000064,874,9.016205469107625,,,,,
2006,PR,11263.12,2529,4.453586397785687,,,,,
2006,RI,93.0,25,3.72,,,,,
2006,SC,17646.260000000028,2855,6.180826619964983,,,,,
2006,SD,197570.56100000124,2646,74.66763454270644,,,,,
2006,TN,32782.79999999977,2183,15.017315620705347,,,,,
2006,TX,1852752.9999899971,15022,123.33597390427354,,,,,
2006,UT,346008.8609999953,1926,179.65153738317514,,,,,
2006,VA,23966.960000000076,1268,18.901388012618355,,,,,
2006,VT,5.949999999999999,4,1.4874999999999998,,,,,
2006,WA,398481.10999998765,1577,252.68301204818493,,,,,
2006,WI,3074.5160000000433,1658,1.8543522316043686,,,,,
2006,WV,16152.400000000056,1026,15.743079922027345,,,,,
2006,WY,245299.1100000011,769,318.98453836150986,,,,,
2007,AK,634466.100019996,513,1236.7760234307916,,,,,
2007,AL,56785.18999999967,3833,14.814816070962605,,,,,
2007,AR,25684.420000000002,1301,19.742059953881633,,,,,
2007,AZ,115188.73000000096,2443,47.150523945968466,,,,,
2007,CA,1045291.6199999333,10151,102.97425081272124,,,,,
2007,CO,14026.050000000067,1070,13.108457943925297,,,,,
2007,CT,281.05,331,0.8490936555891239,,,,,
2007,DC,0.2,1,0.2,,,,,
2007,DE,0.2,2,0.1,,,,,
2007,FL,546923.2899699893,4589,119.18136630420338,,,,,
2007,GA,327460.01012999844,8717,37.56567742686686,,,,,
2007,HI,39675.15000000007,964,41.156794605809196,,,,,
2007,IA,841.5629999999999,143,5.885055944055943,,,,,
2007,ID,2184656.240000024,1589,1374.862328508511,,,,,
2007,IL,830.9000000000001,99,8.392929292929294,,,,,
2007,IN,2109.0099999999998,127,16.606377952755903,,,,,
2007,KS,16736.709999999995,196,85.39137755102038,,,,,
2007,KY,65614.22,2081,31.53013935607881,,,,,
2007,LA,772.0000000000001,63,12.253968253968257,,,,,
2007,MA,205.4,34,6.041176470588235,,,,,
2007,MD,7314.800000000088,598,12.232107023411519,,,,,
2007,ME,496.73000000000127,481,1.0327027027027054,,,,,
2007,MI,23095.203999999867,516,44.75814728682145,,,,,
2007,MN,164404.5600000034,1787,92.00031337437235,,,,,
2007,MO,14246.450000000064,523,27.239866156787887,,,,,
2007,MS,52528.630000000005,2767,18.983964582580413,,,,,
2007,MT,744542.8599999913,1997,372.83067601401666,,,,,
2007,NC,50416.79999999754,7284,6.921581548599334,,,,,
2007,ND,18860.900000000045,865,21.804508670520285,,,,,
2007,NE,20698.8245,822,25.181051703163014,,,,,
2007,NH,145.49,95,1.5314736842105263,,,,,
2007,NJ,20614.6,1097,18.791795806745668,,,,,
2007,NM,144285.17000999989,1428,101.04003502100832,,,,,
2007,NV,946541.2999999949,698,1356.0763610315114,,,,,
2007,NY,4143.099999999774,6319,0.6556575407500829,,,,,
2007,OH,827.7200000000004,259,3.1958301158301174,,,,,
2007,OK,56966.65999999983,1334,42.703643178410665,,,,,
2007,OR,567205.8899999964,2512,225.79852308917054,,,,,
2007,PA,1131.1865,514,2.2007519455252917,,,,,
2007,PR,24801.47999999998,3693,6.71580828594638,,,,,
2007,RI,37.0,21,1.7619047619047619,,,,,
2007,SC,22275.59999999992,3998,5.571685842921441,,,,,
2007,SD,81107.19699999978,1627,49.85076644130288,,,,,
2007,TN,54314.829999999565,3393,16.007907456528017,,,,,
2007,TX,135033.55000000042,5477,24.654655833485563,,,,,
2007,UT,645219.2500099888,1548,416.80830104004446,,,,,
2007,VA,15894.490000000163,1446,10.992040110650182,,,,,
2007,VT,10.75,5,2.15,,,,,
2007,WA,264591.02000000316,1304,202.90722392638278,,,,,
2007,WI,4452.043010000061,1487,2.9939764694015207,,,,,
2007,WV,7519.690000000015,836,8.994844497607673,,,,,
2007,WY,94156.90000000088,595,158.246890756304,,,,,
2008,AK,92477.6000000008,369,250.61680216802387,,,,,
2008,AL,23296.29,2012,11.57867296222664,,,,,
2008,AR,11199.43,883,12.683386183465458,,,,,
2008,AZ,113915.38000000309,1898,60.018640674395726,,,,,
2008,CA,1430153.6000001447,7744,184.6789256198534,,,,,
2008,CO,112023.63000000129,1015,110.3681083743855,,,,,
2008,CT,2055.7999999999897,366,5.616939890710355,,,,,
2008,DC,0.1,1,0.1,,,,,
2008,FL,184492.35989000252,3105,59.41782927214252,,,,,
2008,GA,25892.219979999925,5807,4.458794554847585,,,,,
2008,HI,6128.640000000023,769,7.96962288686609,,,,,
2008,IA,1688.4599999999998,151,11.18185430463576,,,,,
2008,ID,175190.3600000013,986,177.67784989858143,,,,,
2008,IL,939.8900000000009,197,4.771015228426401,,,,,
2008,IN,143.39999999999998,67,2.140298507462686,,,,,
2008,KS,74248.2,94,789.8744680851064,,,,,
2008,KY,38915.15,1563,24.897728726807422,,,,,
2008,LA,24321.527319999983,1438,16.913440417246164,,,,,
2008,MA,848.5,12,70.70833333333333,,,,,
2008,MD,2794.09999999998,530,5.271886792452793,,,,,
2008,ME,549.6300000000018,466,1.1794635193133085,,,,,
2008,MI,2612.9199999999946,444,5.884954954954943,,,,,
2008,MN,21197.019999999833,1165,18.194866952789557,,,,,
2008,MO,5933.759999999998,136,43.630588235294105,,,,,
2008,MS,36347.34000000002,2016,18.029434523809535,,,,,
2008,MT,169869.3000000007,1532,110.88074412532681,,,,,
2008,NC,82255.65001000269,4382,18.77125741898738,,,,,
2008,ND,29906.050000000032,723,41.36383125864458,,,,,
2008,NE,7784.820200000037,611,12.741113256955872,,,,,
2008,NH,185.07000000000005,102,1.8144117647058828,,,,,
2008,NJ,3251.95,1152,2.822873263888889,,,,,
2008,NM,365494.5400000015,864,423.0260879629647,,,,,
2008,NV,79277.23000000106,447,177.35398210291063,,,,,
2008,NY,8121.799999999993,7156,1.1349636668529894,,,,,
2008,OH,484.23500000000007,116,4.1744396551724146,,,,,
2008,OK,146092.23000000042,2165,67.47909006928425,,,,,
2008,OR,240911.4300000041,2668,90.29663793103602,,,,,
2008,PA,7610.569300000039,652,11.672652300613557,,,,,
2008,PR,618.1,17,36.358823529411765,,,,,
2008,RI,90.99999999999974,135,0.6740740740740722,,,,,
2008,SC,17397.779980000018,2744,6.340298826530619,,,,,
2008,SD,41420.352999999945,1190,34.80701932773105,,,,,
2008,TN,22647.470009999957,1429,15.848474464660573,,,,,
2008,TX,1483416.1199900184,18067,82.10638844246517,,,,,
2008,UT,34116.73999999967,1062,32.124990583803836,,,,,
2008,VA,42793.049999999654,1287,33.25023310023283,,,,,
2008,VT,18.7,5,3.7399999999999998,,,,,
2008,WA,117879.42000000108,1490,79.1137046979873,,,,,
2008,WI,901.6319999999996,813,1.1090184501845013,,,,,
2008,WV,14352.450000000059,886,16.1991534988714,,,,,
2008,WY,102269.1100000008,449,227.77084632516883,,,,,
2009,AK,2949593.970000016,513,5749.695847953248,,,,,
2009,AL,24927.739999999976,1372,18.168906705539342,,,,,
2009,AR,17775.739999999998,1076,16.52020446096654,,,,,
2009,AZ,222065.2800000023,2333,95.1844320617241,,,,,
2009,CA,455350.0399999742,6940,65.61239769452078,,,,,
2009,CO,37723.95999999961,952,39.62600840336094,,,,,
2009,CT,244.82999999999947,257,0.9526459143968851,,,,,
2009,DC,0.5,1,0.5,,,,,
2009,FL,144533.74001000184,3016,47.92232758952316,,,,,
2009,GA,17790.829980000017,4176,4.260256221264372,,,,,
2009,HI,11802.400000000052,816,14.463725490196143,,,,,
2009,IA,7948.952000000003,702,11.323293447293452,,,,,
2009,ID,23907.909999999734,1198,19.956519198664218,,,,,
2009,IL,3263.3999999999955,347,9.404610951008634,,,,,
2009,IN,109.09999999999991,45,2.4244444444444424,,,,,
2009,KS,38965.2,71,548.8056338028168,,,,,
2009,KY,43494.91,1419,30.651804087385486,,,,,
2009,LA,35312.32515699995,1542,22.90034056874186,,,,,
2009,MA,1.0,1,1.0,,,,,
2009,MD,4606.900000000034,261,17.65095785440626,,,,,
2009,ME,474.7800000000001,483,0.9829813664596275,,,,,
2009,MI,3209.4299999999944,486,6.603765432098754,,,,,
2009,MN,11715.910000000078,1233,9.501954582319609,,,,,
2009,MO,17994.880000000005,239,75.29238493723851,,,,,
2009,MS,27004.35,1966,13.735681586978636,,,,,
2009,MT,53706.389999999556,1662,32.31431407942212,,,,,
2009,NC,19358.149999999972,3319,5.8325248568845955,,,,,
2009,ND,3314.159999999994,415,7.985927710843359,,,,,
2009,NE,11186.551000000029,715,15.645525874125914,,,,,
2009,NH,121.785,68,1.7909558823529412,,,,,
2009,NJ,568.25,614,0.9254885993485342,,,,,
2009,NM,423159.0799999986,1448,292.2369337016565,,,,,
2009,NV,28678.979999999574,570,50.313999999999254,,,,,
2009,NY,5237.409999999855,5764,0.9086415683552836,,,,,
2009,OH,4784.419999999999,244,19.608278688524585,,,,,
2009,OK,403834.449999998,2049,197.0885553928736,,,,,
2009,OR,89058.37000000129,2304,38.65380642361167,,,,,
2009,PA,6205.111820000013,633,9.80270429699844,,,,,
2009,PR,8870.359999999999,1690,5.2487337278106505,,,,,
2009,RI,50.63000000000001,47,1.0772340425531917,,,,,
2009,SC,30566.219999999877,1757,17.396824132043186,,,,,
2009,SD,38708.78529999989,984,39.338196443089316,,,,,
2009,TN,18139.070000000072,1477,12.281022342586372,,,,,
2009,TX,557794.4799999831,14142,39.4424041861111,,,,,
2009,UT,114485.48200000304,1157,98.95028694900869,,,,,
2009,VA,8032.24000000001,784,10.245204081632666,,,,,
2009,VT,0.5,1,0.5,,,,,
2009,WA,87063.29000000101,2000,43.53164500000051,,,,,
2009,WI,4144.7244470000305,1578,2.6265680906210584,,,,,
2009,WV,16630.00000000007,984,16.90040650406511,,,,,
2009,WY,23649.13999999998,474,49.89270042194089,,,,,
2010,AK,1137532.6699999992,691,1646.2122575976834,,,,,
2010,AL,42078.46999999978,2913,14.445063508410499,,,,,
2010,AR,34754.71,2220,15.655274774774774,,,,,
2010,AZ,87723.82000000216,1617,54.250970933829414,,,,,
2010,CA,120947.04000000127,5776,20.939584487534848,,,,,
2010,CO,51895.05999999773,2694,19.263199703042957,,,,,
2010,CT,456.03000000000054,418,1.0909808612440204,,,,,
2010,DC,0.1,1,0.1,,,,,
2010,DE,3.0,1,3.0,,,,,
2010,FL,62874.19999999949,2373,26.49565950273893,,,,,
2010,GA,23388.359999999877,5874,3.9816751787538096,,,,,
2010,HI,15212.820000000165,984,15.460182926829436,,,,,
2010,IA,2404.941999999999,199,12.085135678391955,,,,,
2010,ID,643868.1599999997,1150,559.8853565217388,,,,,
2010,IL,2608.5499999999934,452,5.771128318584056,,,,,
2010,IN,1570.0999999999997,73,21.508219178082186,,,,,
2010,KS,25108.809999999998,40,627.72025,,,,,
2010,KY,60209.45,1913,31.47383690538421,,,,,
2010,LA,43732.99989999996,2419,18.078958205870176,,,,,
2010,MA,322.2,3,107.39999999999999,,,,,
2010,MD,3580.5999999999985,168,21.31309523809523,,,,,
2010,ME,296.78999999999996,505,0.5877029702970297,,,,,
2010,MI,12051.410000000038,584,20.635976027397327,,,,,
2010,MN,35680.33999999948,2075,17.195344578313,,,,,
2010,MO,14471.500000000004,196,73.83418367346941,,,,,
2010,MS,36547.72000000001,2926,12.490676691729327,,,,,
2010,MT,57476.0999999996,1140,50.41763157894702,,,,,
2010,NC,16987.300000000283,4100,4.143243902439093,,,,,
2010,ND,3754.7999999999947,435,8.631724137931023,,,,,
2010,NE,23333.68999999995,610,38.251950819672054,,,,,
2010,NH,52.04300000000001,98,0.5310510204081634,,,,,
2010,NJ,6757.8,1010,6.690891089108911,,,,,
2010,NM,131088.17000000115,1145,114.4874847161582,,,,,
2010,NV,19970.15,353,56.57266288951842,,,,,
2010,NY,4300.129999999711,6181,0.6957013428247388,,,,,
2010,OH,1512.98,180,8.405444444444445,,,,,
2010,OK,112898.10000000034,2146,52.60862068965533,,,,,
2010,OR,87747.8800000003,1925,45.58331428571444,,,,,
2010,PA,3499.9659899999965,583,6.003372195540303,,,,,
2010,PR,7171.150000000001,1750,4.0978,,,,,
2010,SC,9468.370000000052,2144,4.416217350746293,,,,,
2010,SD,5634.239999999974,698,8.07197707736386,,,,,
2010,TN,22093.450000000037,1904,11.603702731092456,,,,,
2010,TX,238202.0300000032,9351,25.473428510320094,,,,,
2010,UT,62650.779999999206,1056,59.3283901515144,,,,,
2010,VA,11554.630000000048,1026,11.261822612085817,,,,,
2010,VT,0.35,2,0.175,,,,,
2010,WA,93046.29999999932,1048,88.7846374045795,,,,,
2010,WI,2531.3455999999896,1312,1.9293792682926751,,,,,
2010,WV,25454.159999999923,796,31.977587939698395,,,,,
2010,WY,86949.44919999994,631,137.79627448494443,,,,,
2011,AK,293004.09999999986,508,576.7797244094486,,,,,
2011,AL,54097.17999999992,2042,26.492252693437766,,,,,
2011,AR,47899.689999999864,2546,18.813703849175123,,,,,
2011,AZ,1037769.1099999786,1912,542.7662709204909,,,,,
2011,CA,192286.9200000089,8562,22.45817799579641,,,,,
2011,CO,127220.56999999919,957,132.9368547544401,,,,,
2011,CT,237.3799999999995,227,1.045726872246694,,,,,
2011,DC,0.2,2,0.1,,,,,
2011,FL,331175.7999999896,5029,65.85321137402856,,,,,
2011,GA,437909.5899999926,8414,52.045351794627116,,,,,
2011,HI,4929.580000000039,603,8.175091210613664,,,,,
2011,IA,7461.4325000000035,439,16.99642938496584,,,,,
2011,ID,409349.0499999986,1318,310.5834977238229,,,,,
2011,IL,2223.53,136,16.34948529411765,,,,,
2011,IN,699.5,26,26.903846153846153,,,,,
2011,KS,91610.10999999999,56,1635.8948214285713,,,,,
2011,KY,23874.23,1032,23.13394379844961,,,,,
2011,LA,37838.909999999996,217,174.37285714285713,,,,,
2011,MD,10247.38000000001,133,77.04796992481211,,,,,
2011,ME,167.68999999999943,365,0.459424657534245,,,,,
2011,MI,1832.4799999999993,309,5.930355987055014,,,,,
2011,MN,139066.68000000168,1235,112.60459919028476,,,,,
2011,MO,31844.549999999996,740,43.03317567567567,,,,,
2011,MS,29025.64000000001,1614,17.983667905824046,,,,,
2011,MT,139286.18000000293,1190,117.04721008403608,,,,,
2011,NC,109498.77999999809,5427,20.176668509304974,,,,,
2011,ND,4049.379999999993,373,10.856246648793546,,,,,
2011,NE,39060.63199999978,832,46.94787499999973,,,,,
2011,NH,4.45,4,1.1125,,,,,
2011,NJ,149.25,272,0.5487132352941176,,,,,
2011,NM,1143943.7199999972,2197,520.6844424214826,,,,,
2011,NV,422953.14999999636,721,586.6201803051267,,,,,
2011,NY,1370.9399999999277,3740,0.36656149732618387,,,,,
2011,OH,287.74,79,3.6422784810126583,,,,,
2011,OK,327168.0999999994,2542,128.70499606608945,,,,,
2011,OR,224034.59000000273,1968,113.83871443089569,,,,,
2011,PA,579.4100000000002,201,2.882636815920399,,,,,
2011,PR,23233.569999999985,2490,9.330751004016058,,,,,
2011,RI,28.04,34,0.8247058823529412,,,,,
2011,SC,29686.04999999981,3181,9.332301163156181,,,,,
2011,SD,66036.49599999996,1431,46.14709713487069,,,,,
2011,TN,14787.000000000053,1195,12.374058577405902,,,,,
2011,TX,3498724.9500000314,19453,179.8552896725457,,,,,
2011,UT,62043.62999999977,1095,56.66084931506828,,,,,
2011,VA,25008.879999999917,813,30.76123001230002,,,,,
2011,WA,38613.24999999993,1028,37.561527237354014,,,,,
2011,WI,635.7569999999997,735,0.8649755102040813,,,,,
2011,WV,5811.460000000002,489,11.884376278118614,,,,,
2011,WY,134830.58000000042,640,210.67278125000067,,,,,
2012,AK,300586.9999999962,409,734.931540342289,,,,,
2012,AL,29156.46,1747,16.689444762449913,,,,,
2012,AR,38848.490000000005,2351,16.52424074861761,,,,,
2012,AZ,228818.6000000028,1760,130.01056818181976,,,,,
2012,CA,764766.6399999689,7208,106.09970033295906,,,,,
2012,CO,271263.3900000035,1106,245.26527124774276,,,,,
2012,CT,517.3000000000059,576,0.8980902777777879,,,,,
2012,DC,4.4,5,0.8800000000000001,,,,,
2012,DE,39.85,19,2.0973684210526318,,,,,
2012,FL,138965.24000000342,3107,44.726501448343555,,,,,
2012,GA,25434.619999999708,4949,5.139345322287272,,,,,
2012,HI,4987.710000000098,714,6.985588235294255,,,,,
2012,IA,3985.011000000002,458,8.700897379912668,,,,,
2012,ID,1775106.3900000139,1189,1492.9406139613236,,,,,
2012,IL,1356.1500000000005,167,8.120658682634733,,,,,
2012,IN,1042.2,57,18.28421052631579,,,,,
2012,KS,57330.13,73,785.3442465753425,,,,,
2012,KY,32630.52999999993,1263,25.835732383214513,,,,,
2012,LA,10519.220000000005,877,11.994549600912206,,,,,
2012,MA,2.9000000000000004,5,0.5800000000000001,,,,,
2012,MD,1439.8999999999999,163,8.833742331288343,,,,,
2012,ME,469.85000000000065,560,0.8390178571428583,,,,,
2012,MI,28326.68999999995,711,39.84063291139233,,,,,
2012,MN,64901.039999999644,2295,28.279320261437753,,,,,
2012,MO,18722.500000000007,221,84.71719457013577,,,,,
2012,MS,12723.3,1218,10.446059113300493,,,,,
2012,MT,1007209.5799999975,1854,543.2629881337635,,,,,
2012,NC,35318.74999999835,3559,9.923784771002627,,,,,
2012,ND,41722.89000000006,1098,37.9989890710383,,,,,
2012,NE,336108.35899999936,1223,274.8228609975465,,,,,
2012,NH,101.05999999999999,100,1.0106,,,,,
2012,NJ,3122.05,1029,3.0340621963070946,,,,,
2012,NM,370998.81999999983,1174,316.0126235093695,,,,,
2012,NV,455326.1699999941,838,543.3486515513056,,,,,
2012,NY,3529.33999999996,3944,0.8948630831642901,,,,,
2012,OH,1097.0200000000002,204,5.377549019607844,,,,,
2012,OK,203966.35000000068,1655,123.24250755287049,,,,,
2012,OR,1531105.270000008,1657,924.022492456251,,,,,
2012,PA,3207.5599999999995,724,4.430331491712707,,,,,
2012,PR,392.2,8,49.025,,,,,
2012,RI,39.91000000000002,49,0.8144897959183677,,,,,
2012,SC,15437.330000000075,1971,7.832232369355695,,,,,
2012,SD,170466.4490000007,2726,62.53354695524604,,,,,
2012,TN,21728.190000000035,1203,18.061670822942673,,,,,
2012,TX,163114.90000000293,7623,21.397730552276393,,,,,
2012,UT,432902.2849999961,1592,271.92354585426887,,,,,
2012,VA,48077.77999999977,685,70.18654014598508,,,,,
2012,VT,356.4880000000003,97,3.6751340206185596,,,,,
2012,WA,280766.41000000376,1428,196.61513305322393,,,,,
2012,WI,2796.7999999999543,1380,2.0266666666666335,,,,,
2012,WV,16745.520000000026,694,24.128991354466898,,,,,
2012,WY,482305.4599999959,1046,461.0950860420611,,,,,
2013,AK,1320759.3000000212,592,2231.012331081117,,,,,
2013,AL,29935.409999999665,1670,17.92539520958064,,,,,
2013,AR,13298.689999999999,847,15.700932703659975,,,,,
2013,AZ,103252.88000000038,1665,62.013741741741974,,,,,
2013,CA,581410.291999956,8723,66.65256127478574,,,,,
2013,CO,162130.23000001776,3894,41.63590909091365,,,,,
2013,DC,0.1,1,0.1,,,,,
2013,DE,20.35,9,2.261111111111111,,,,,
2013,FL,77107.23000000161,2163,35.64828016643625,,,,,
2013,GA,14667.350000000139,3252,4.510255227552318,,,,,
2013,HI,761.4000000000001,60,12.690000000000001,,,,,
2013,IA,2417.32,243,9.947818930041153,,,,,
2013,ID,740325.4999999921,1566,472.7493614303909,,,,,
2013,IL,148.02,44,3.3640909090909092,,,,,
2013,IN,741.2,20,37.06,,,,,
2013,KS,6867.0,14,490.5,,,,,
2013,KY,22989.019999999997,1003,22.920259222332998,,,,,
2013,LA,22754.530199999994,1075,21.167004837209298,,,,,
2013,MA,17.6,5,3.5200000000000005,,,,,
2013,MD,429.8500000000004,127,3.384645669291342,,,,,
2013,ME,717.220000000001,444,1.6153603603603628,,,,,
2013,MI,977.2200000000015,455,2.147736263736267,,,,,
2013,MN,21936.469999999954,1132,19.378507067137768,,,,,
2013,MO,3885.1799999999994,413,9.407215496368037,,,,,
2013,MS,22015.900000000012,1488,14.795631720430116,,,,,
2013,MT,77404.18000000062,1359,56.956718175129225,,,,,
2013,NC,14148.700000000443,3329,4.25013517572858,,,,,
2013,ND,6693.689999999999,541,12.372809611829942,,,,,
2013,NE,10547.091000000035,423,24.93402127659583,,,,,
2013,NH,85.52,147,0.5817687074829931,,,,,
2013,NJ,1412.3,872,1.6196100917431193,,,,,
2013,NM,285066.0499999905,1078,264.4397495361693,,,,,
2013,NV,180004.85000000164,657,273.97998477930236,,,,,
2013,NY,2376.4999999999936,2890,0.8223183391003438,,,,,
2013,OH,1716.51,323,5.314272445820434,,,,,
2013,OK,30111.049999999956,795,37.87553459119491,,,,,
2013,OR,319439.9299999996,2562,124.68381342700998,,,,,
2013,PA,1784.769999999998,639,2.7930672926447544,,,,,
2013,PR,2527.4,33,76.5878787878788,,,,,
2013,RI,16.7,19,0.8789473684210526,,,,,
2013,SC,9478.730000000038,1626,5.8294772447724705,,,,,
2013,SD,15061.18371000018,1022,14.7369703620354,,,,,
2013,TN,10057.210000000012,638,15.763652037617573,,,,,
2013,TX,71739.92000000004,9735,7.369277863379563,,,,,
2013,UT,70397.45000000104,1249,56.36305044035312,,,,,
2013,VA,5871.550000000006,581,10.105938037865759,,,,,
2013,VT,275.308,126,2.184984126984127,,,,,
2013,WA,153546.66000000262,1378,111.42718432511076,,,,,
2013,WI,9138.070000000112,692,13.205303468208255,,,,,
2013,WV,9714.030000000028,580,16.748327586206944,,,,,
2013,WY,54321.79999999965,581,93.49707401032641,,,,,
2014,AK,233601.2800000013,393,594.4052926208685,,,,,
2014,AL,37961.50499999914,2418,15.69954714640163,,,,,
2014,AR,21041.61,1295,16.24834749034749,,,,,
2014,AZ,203176.16400001067,2828,71.84447100424705,,,,,
2014,CA,546878.7799999516,6494,84.21293193716532,,,,,
2014,CO,24694.309999999663,603,40.95242122719679,,,,,
2014,DC,0.2,1,0.2,,,,,
2014,DE,5.0,3,1.6666666666666667,,,,,
2014,FL,156386.41000000114,2144,72.9414225746274,,,,,
2014,GA,22215.869999999995,4063,5.467848880137828,,,,,
2014,HI,0.2,2,0.1,,,,,
2014,IA,10522.875000000002,543,19.379143646408842,,,,,
2014,ID,198892.5700000004,1215,163.6975884773666,,,,,
2014,IL,2422.0649999999996,227,10.669889867841407,,,,,
2014,IN,132.21999999999994,36,3.6727777777777764,,,,,
2014,KS,36525.8,59,619.0813559322035,,,,,
2014,KY,42286.849996,1446,29.244017977869984,,,,,
2014,LA,37582.744700000054,876,42.90267659817358,,,,,
2014,MA,373.2,6,62.199999999999996,,,,,
2014,MD,1781.0999999999983,123,14.480487804878035,,,,,
2014,ME,218.9699999999996,333,0.6575675675675664,,,,,
2014,MI,672.0700000000004,264,2.5457196969696985,,,,,
2014,MN,3984.6399999999794,1006,3.9608747514910334,,,,,
2014,MO,22455.800000000007,1251,17.950279776179062,,,,,
2014,MS,33235.6,2224,14.944064748201438,,,,,
2014,MT,34919.91999999994,1203,29.027364921030706,,,,,
2014,NC,14991.400000000389,4587,3.268236320034966,,,,,
2014,ND,3915.44999999999,510,7.6773529411764505,,,,,
2014,NE,20213.032199999954,723,27.95716763485471,,,,,
2014,NH,78.46600000000001,125,0.6277280000000001,,,,,
2014,NJ,9804.3,799,12.270713391739674,,,,,
2014,NM,43976.15999999966,893,49.24541993281037,,,,,
2014,NV,69902.34000000094,542,128.97110701107184,,,,,
2014,NY,2972.882815999806,4358,0.6821667774207908,,,,,
2014,OH,3486.0699999999993,612,5.696192810457515,,,,,
2014,OK,187617.2000000004,1172,160.08293515358395,,,,,
2014,OR,934078.4399999916,3047,306.55675746635757,,,,,
2014,PA,4511.180000000005,875,5.155634285714291,,,,,
2014,PR,260.70000000000005,42,6.207142857142858,,,,,
2014,RI,23.300000000000004,46,0.5065217391304349,,,,,
2014,SC,11225.900000000032,1893,5.930216587427381,,,,,
2014,SD,18745.940000000013,1023,18.32447702834801,,,,,
2014,TN,17872.770000000008,1260,14.184738095238101,,,,,
2014,TX,143843.0300000039,8538,16.847391660810953,,,,,
2014,UT,27185.370999999635,1058,25.695057655954287,,,,,
2014,VA,12566.540000000019,821,15.306382460414152,,,,,
2014,VT,163.111,55,2.9656545454545453,,,,,
2014,WA,449900.91999999544,1567,287.10971282705515,,,,,
2014,WI,2823.736000000003,605,4.667332231404964,,,,,
2014,WV,13638.510000000038,951,14.341230283911713,,,,,
2014,WY,7725.890000000056,595,12.984689075630346,,,,,
2015,AK,5136703.75999993,771,6662.39138780795,,,,,
2015,AL,30833.709999999443,2074,14.86678399228517,,,,,
2015,AR,18732.410000000007,1289,14.532513576415832,,,,,
2015,AZ,155814.27000001594,3819,40.7997564807583,,,,,
2015,CA,848728.6099999709,7365,115.23810047521668,,,,,
2015,CO,22802.35000000006,591,38.582656514382506,,,,,
2015,CT,417.50000000000114,372,1.1223118279569924,,,,,
2015,DC,2.2,3,0.7333333333333334,,,,,
2015,DE,79.25,16,4.953125,,,,,
2015,FL,166996.54,2548,65.54024332810047,,,,,
2015,GA,11389.900000000103,2355,4.836475583864162,,,,,
2015,HI,4836.6,4,1209.15,,,,,
2015,IA,13914.2781,517,26.913497292069632,,,,,
2015,ID,791026.109999994,1277,619.4409631949836,,,,,
2015,IL,1591.4999999999995,106,15.014150943396222,,,,,
2015,IN,673.8000000000001,16,42.112500000000004,,,,,
2015,KS,124210.54099999393,5887,21.099123662305747,,,,,
2015,KY,19680.019999999997,756,26.031772486772482,,,,,
2015,LA,20327.6537,1075,18.90944530232558,,,,,
2015,MA,2094.229999999995,2170,0.9650829493087535,,,,,
2015,MD,1044.0000000000007,150,6.960000000000004,,,,,
2015,ME,590.7800000000008,406,1.4551231527093615,,,,,
2015,MI,3815.489999999998,523,7.2953919694072615,,,,,
2015,MN,28952.46999999981,1838,15.752159956474324,,,,,
2015,MO,12023.741000000013,769,15.635553966189873,,,,,
2015,MS,35373.6,2122,16.66993402450518,,,,,
2015,MT,350033.86,1866,187.58513397642014,,,,,
2015,NC,11044.730000000225,2471,4.469740995548452,,,,,
2015,ND,25794.07000000003,1003,25.71691924227321,,,,,
2015,NE,44194.79999999992,599,73.78096828046732,,,,,
2015,NH,591.67,140,4.226214285714286,,,,,
2015,NJ,2540.8,770,3.29974025974026,,,,,
2015,NM,52126.94999999957,778,67.00122107969096,,,,,
2015,NV,23445.87999999973,526,44.57391634980937,,,,,
2015,NY,7311.230000000915,5884,1.2425611828689522,,,,,
2015,OH,2084.0899999999992,537,3.880986964618248,,,,,
2015,OK,149316.25000000023,1185,126.00527426160357,,,,,
2015,OR,579124.0499999977,2500,231.6496199999991,,,,,
2015,PA,4136.239999999987,807,5.125452292441124,,,,,
2015,PR,1326.75,28,47.38392857142857,,,,,
2015,RI,121.82999999999996,85,1.4332941176470584,,,,,
2015,SC,6625.410000000006,1299,5.100392609699774,,,,,
2015,SD,53566.45999999955,966,55.451821946169304,,,,,
2015,TN,8524.960000000006,612,13.92967320261439,,,,,
2015,TX,208761.73000000685,8304,25.139900048170382,,,,,
2015,UT,9825.600000000099,605,16.240661157024956,,,,,
2015,VA,6328.099999999998,597,10.599832495812391,,,,,
2015,VT,346.42900000000003,87,3.9819425287356327,,,,,
2015,WA,1161646.3800000339,1741,667.2293968983538,,,,,
2015,WI,2721.439999999989,965,2.820145077720196,,,,,
2015,WV,17251.37000000005,685,25.18448175182489,,,,,
2015,WY,36821.224999999795,632,58.26143196202499,,,,,
1992,ALL STATES,2199958.0009999783,67975,2443.96936685543,2199958.0009999783,2199958.0009999783,67975.0,0.0,0.0
1993,ALL STATES,2191696.0029999544,61989,2340.40894232903,4391654.003999933,4391654.003999933,129964.0,2199958.0009999783,67975.0
1994,ALL STATES,4116675.528999946,75955,4487.728200504211,8508329.532999879,8508329.532999879,205919.0,4391654.003999933,129964.0
1995,ALL STATES,2049585.0580000163,71472,3107.5962709567234,10557914.590999896,10557914.590999896,277391.0,8508329.532999879,205919.0
1996,ALL STATES,6005155.708999939,75574,8913.362022965419,16563070.299999835,16563070.299999835,352965.0,10557914.590999896,277391.0
1997,ALL STATES,3214635.309999997,61450,4414.01463756516,19777705.60999983,19777705.60999983,414415.0,16563070.299999835,352965.0
1998,ALL STATES,2011102.4000100002,68370,3153.8876016259533,21788808.010009833,21788808.010009833,482785.0,19777705.60999983,414415.0
1999,ALL STATES,6080199.715289904,89363,9043.996600466751,27869007.72529974,27869007.72529974,572148.0,21788808.010009833,482785.0
2000,ALL STATES,7639498.644000006,96416,7992.038577895418,35508506.36929975,35508506.36929975,668564.0,27869007.725299742,572148.0
2001,ALL STATES,3724072.303999962,86587,2966.339729129821,39232578.67329971,39232578.67329971,755151.0,35508506.36929975,668564.0
2002,ALL STATES,6803258.397758932,75656,7205.578897572268,46035837.07105864,46035837.07105864,830807.0,39232578.67329971,755151.0
2003,ALL STATES,4483572.945759945,68261,3714.954668098364,50519410.01681858,50519410.01681858,899068.0,46035837.07105864,830807.0
2004,ALL STATES,8234208.174139919,69279,10961.418468710153,58753618.1909585,58753618.1909585,968347.0,50519410.01681858,899068.0
2005,ALL STATES,9665105.128019957,88604,11394.6046676538,68418723.31897846,68418723.31897846,1056951.0,58753618.1909585,968347.0
2006,ALL STATES,10043497.91154993,114004,6042.794027497937,78462221.23052838,78462221.23052838,1170955.0,68418723.31897846,1056951.0
2007,ALL STATES,9265428.728149917,95573,6457.217413379246,87727649.9586783,87727649.9586783,1266528.0,78462221.23052838,1170955.0
2008,ALL STATES,5406532.106680183,85378,3430.8390161655984,93134182.06535849,93134182.06535849,1351906.0,87727649.9586783,1266528.0
2009,ALL STATES,6057166.106713977,78325,7833.680007751058,99191348.17207247,99191348.17207247,1430231.0,93134182.06535849,1351906.0
2010,ALL STATES,3493455.2156900032,79889,4128.814024105194,102684803.38776247,102684803.38776247,1510120.0,99191348.17207247,1430231.0
2011,ALL STATES,9623597.287499996,90552,6068.459406674797,112308400.67526247,112308400.67526247,1600672.0,102684803.38776247,1510120.0
2012,ALL STATES,9439888.451999983,72769,7811.702606941956,121748289.12726244,121748289.12726244,1673441.0,112308400.67526247,1600672.0
2013,ALL STATES,4492502.414909986,64780,4837.430018622198,126240791.54217243,126240791.54217243,1738221.0,121748289.12726244,1673441.0
2014,ALL STATES,3673490.3927119565,67753,3071.4147178647627,129914281.93488438,129914281.93488438,1805974.0,126240791.54217243,1738221.0
2015,ALL STATES,10218267.61779994,74491,10718.31603835913,140132549.55268434,140132549.55268434,1880465.0,129914281.9348844,1805974.0
